id,level,productId,name,textKey,price
water_1,1,water,矿泉水,ui.shopSelection.Water,5
cola_1,1,cola,柠檬可乐,ui.shopSelection.Cola,10
tea_1,1,tea,顶级龙井,ui.shopSelection.Tea,100
water_2,2,water,矿泉水,ui.shopSelection.Water,5
cola_2,2,cola,柠檬可乐,ui.shopSelection.Cola,10
tea_2,2,tea,顶级龙井,ui.shopSelection.Tea,100
water_3,3,water,矿泉水,ui.shopSelection.Water,5
cola_3,3,cola,柠檬可乐,ui.shopSelection.Cola,10
tea_3,3,tea,顶级龙井,ui.shopSelection.Tea,100
water_4,4,water,矿泉水,ui.shopSelection.Water,5
cola_4,4,cola,柠檬可乐,ui.shopSelection.Cola,10
tea_4,4,tea,顶级龙井,ui.shopSelection.Tea,100
water_5,5,water,矿泉水,ui.shopSelection.Water,5
cola_5,5,cola,柠檬可乐,ui.shopSelection.Cola,10
tea_5,5,tea,顶级龙井,ui.shopSelection.Tea,100